구분,id,클래스,이름,등급,체력,공격,공속,사거리,방어,고유기·스킬 이름,범위(참고),효과(참고),마나,대기시간,위력,기절,둔화,약화,지속,피해감소,배율,회복,흡혈,발수,튕김,대상수,지연,처형,마무리,최대,화상dps,화상초,중독dps,중독초,출혈dps,출혈초,취약,취약초,설명
유닛,squire,전사,견습 검사,1,950,56,0.75,1,0,돌진 베기,facing 2칸,dmg,60,,320,,,,,,,,0.3,,,,,,,,,,,,,,,,앞 2칸을 베고 준 피해의 30% 회복
유닛,shieldman,전사,방패병,1,1300,40,0.6,1,0.1,방패 세우기,self 8칸,taunt,70,,180,,,,,,,,,,,,,,,,,,,,,,,,자신 보호막 180 + 주변 1칸 적 3초 도발
유닛,merc,전사,용병,2,1150,66,0.75,1,0,현상금 사냥,lowest,dmg,70,,200,,,,,,,,,,,,,,,,,,,,,,,,체력 비율이 가장 낮은 적을 벤다. 쓰러뜨리면 골드 +1(전투당 2)
유닛,hammer,전사,망치 전사,2,1250,62,0.6,1,0.1,내려찍기,target 9칸,dmg,80,,70,1,,,,,,,,,,,,,,,,,,,,,,,대상과 주변 1칸 피해 + 1초 기절
유닛,duelist,전사,결투가,3,1350,88,0.9,1,0,일섬,single,dmg,70,,130,,,,,,,,,,,,,,,,,,,,,,,,"대상에게 확정 치명 일격, 다음 공격도 치명"
유닛,berserker,전사,광전사,3,1450,88,0.85,1,0,(패시브만),,,,,,,,,,,,,,,,,,,,,,,,,,,,,흡혈 15%. 체력이 줄수록 공격 속도가 오름(최대 +60%)
유닛,warden,전사,기사단장,4,1950,80,0.65,1,0.15,수호 진형,self 9칸,guard,80,,0,,,,5,0.35,,,,,,,,,,,,,,,,,,,자신과 주변 1칸 아군 5초간 받는 피해 −35%
유닛,paladin,전사,성기사,4,2000,76,0.65,1,0.15,신성한 망치,self 9칸,lightrain,90,,250,,,,,,,,,,,,,,,,,,,,,,,,"주변 1칸 적 피해, 같은 범위 아군 회복"
유닛,blademaster,전사,용기사,5,2600,94,0.8,1,0.1,용의 숨결,facing 6칸,dmg,100,,250,,,,,,,,,,,,,,,,45,4,,,,,,,앞쪽 2×3 화염 + 4초 화상(초당 45)
유닛,archer,궁수,견습 궁수,1,560,43,0.8,3,0,집중 사격,volley,dmg,60,,50,,,,,,,,,3,,,,,,,,,,,,,,,대상에게 화살 3연사
유닛,venom,궁수,정찰병,1,520,43,0.8,4,0,독침,single,dmg,60,,40,,1,,,,,,,,,,,,,,,,20,6,,,,,대상 피해 + 6초 중독(초당 20) + 1초 둔화
유닛,crossbow,궁수,석궁병,2,760,80,0.6,4,0,(패시브만),,,,,,,,,,,,,,,,,,,,,,,,,,,,,공격이 방어를 무시
유닛,scout,궁수,척후병,2,720,60,0.9,3,0,기습 사격,farthest,dmg,70,,110,,,,,,,,,,,,,,,,,,,,,,,,가장 먼 적에게 강한 화살
유닛,hunter,궁수,매사냥꾼,3,900,67,0.85,3,0,매 부르기,selfOnly,summon,110,,0,,,,,,,,,,,,,,,1,,,,,,,,,매를 부른다(이미 있으면 매 체력 회복)
유닛,arbalest,궁수,석궁 기사,3,1050,94,0.55,4,0.1,연쇄 볼트,targetFacing 3칸,dmg,80,,360,,,,,,,,,,,,,,,,,,,,,,,,대상과 그 뒤 2칸을 꿰뚫는다
유닛,ranger,궁수,레인저,4,1150,96,0.9,4,0,마무리 사격,lowest,dmg,90,,150,,,,,,,,,,,,,,0.25,,,,,,,,,,체력 비율이 가장 낮은 적에게 강한 화살. 맞고 체력 25% 이하면 처형(보스 제외)
유닛,windarcher,궁수,바람 궁수,4,1100,84,1,4,0,돌풍 화살,targetFacing 5칸,dmg,90,,170,,,,,,,,,,,,,,,,,,,,,,,,대상과 양옆 2칸까지 화살 5발
유닛,ninja,궁수,엘프 명궁,5,1350,125,0.95,4,0,별빛 관통,line3,dmg,110,,280,,,,,,,,,,,,,,,,,,,,,,,,바라보는 방향 세 줄을 끝까지 꿰뚫는다
유닛,apprentice,마법사,견습 마법사,1,690,42,0.65,3,0,마력탄,single,dmg,50,,200,,,,,,,,,,,,,,,,,,,,,,,,대상에게 마력탄
유닛,acolyte,마법사,약초꾼,1,800,37,0.7,3,0,약초 뿌리기,self 9칸,heal,60,,350,,,,,,,,,,,,,,,,,,,,,,,,자신 중심 3×3 아군 회복
유닛,monk,마법사,학자,2,1000,55,0.65,3,0,지식의 흐름,self 25칸,mana,70,,40,,,,,,,,,,,,,,,,,,,,,,,,주변 2칸 다른 아군 마나 +40
유닛,pyro,마법사,화염술사,2,900,50,0.65,3,0,(패시브만),,,,,,,,,,,,,,,,,,,,,,,,,,,,,기본 공격이 3초 화상
유닛,cryo,마법사,점성술사,3,1140,63,0.65,3,0,별자리 표식,selfOnly,markRandom,80,,0,,,,,,,,,,,4,,,,,,,,,,,0.4,8,무작위 적 넷 8초간 받는 피해 +40%
유닛,summoner,마법사,소환술사,3,1060,48,0.6,3,0,골렘 소환,selfOnly,summon,130,,0,,,,,,,,,,,,,,,1,,,,,,,,,돌 골렘 소환(이미 있으면 골렘 체력 회복)
유닛,archmage,마법사,대마법사,4,1660,88,0.65,3,0,비전 폭풍,volley,dmg,100,,115,,,,,,,,,6,,,,,,,,,,,,,,,무작위 적에게 마력탄 6발
유닛,warlock,마법사,흑마법사,4,1450,73,0.65,3,0,저주의 낙인,selfOnly,curse,90,,180,,,6,,,,,0.5,,,2,,,,,,,,,,,,,"공격력이 가장 높은 적 둘에게 피해 + 6초 약화, 준 피해의 50% 회복"
유닛,bishop,마법사,현자,5,2060,92,0.7,3,0,성스러운 빛,all,shield,120,,220,,,,,,,240,,,,,,,,,,,,,,,,,모든 아군 보호막 220 + 회복 240
스킬,cross,전사,,1,,,,,,십자 베기,facing 4칸,dmg,60,,205,,,,,,,,,,,,,,,,,,,,,,,,앞 2칸과 앞칸 양옆 1칸을 벤다
스킬,whirl,전사,,2,,,,,,회전 베기,self 8칸,dmg,80,,280,,,,,,,,,,,,,,,,,,,,,,,,주변 8칸을 모두 벤다
스킬,bladestorm,전사,,3,,,,,,검의 폭풍,self 24칸,dmg,100,,320,,,,,,,,,,,,,,,,,,,,,,,,주변 2칸 안 모든 적을 벤다
스킬,bash,전사,,1,,,,,,방패 강타,facing 1칸,dmg,55,,300,1.5,,,,,,,,,,,,,,,,,,,,,,,바로 앞 적에게 피해 + 1.5초 기절
스킬,wall,전사,,2,,,,,,방벽 세우기,self 5칸,shield,80,,160,,,,,,,,,,,,,,,,,,,,,,,,같은 줄 좌우 2칸 아군에게 보호막 160
스킬,bulwark,전사,,3,,,,,,불굴의 함성,self 24칸,shield,100,,255,,,,,,,,,,,,,,,,,,,,,,,,주변 2칸 아군 모두 보호막 255
스킬,bleedcut,전사,,1,,,,,,출혈 베기,facing 3칸,dmg,55,,80,,,,,,,,,,,,,,,,,,,,40,5,,,앞쪽 3칸을 베고 5초 출혈(초당 40)
스킬,taunt,전사,,1,,,,,,도발,self 24칸,taunt,60,,260,,,,,,,,,,,,,,,,,,,,,,,,주변 2칸 적이 3초간 자신만 노린다. 보호막 260
스킬,fortify,전사,,2,,,,,,요새화,selfOnly,fortify,60,,120,,,,3,0.3,,,,,,,,,,,,,,,,,,,"3초간 받는 피해 −30%, 체력 120 회복"
스킬,charge,전사,,2,,,,,,돌격,leap,dmg,70,,205,0.8,,,,,,,,,,,,,,,,,,,,,,,체력이 가장 낮은 적 옆으로 뛰어들어 베고 0.8초 기절
스킬,earth,전사,,3,,,,,,대지 가르기,facing 6칸,dmg,90,,680,1.2,,,,,,,,,,,,,,,,,,,,,,,앞으로 4칸 + 2칸째 양옆. 1.2초 기절
스킬,shadowstep,전사,,2,,,,,,그림자 걸음,leap,dmg,70,,205,,,,,,,,,,,,,,,,,,,,50,4,,,체력이 가장 낮은 적 뒤로 순간이동해 베고 출혈
스킬,assassinate,전사,,3,,,,,,암살,lowest,dmg,100,,355,,,,,,,,,,,,,,,,,,,,,,,,체력 비율이 가장 낮은 적에게 확정 치명타
스킬,pierce,궁수,,1,,,,,,관통 사격,line,dmg,60,,360,,,,,,,,,,,,,,,,,,,,,,,,바라보는 방향 끝까지 관통
스킬,multishot,궁수,,2,,,,,,연사,volley,dmg,70,,100,,,,,,,,,4,,,,,,,,,,,,,,,무작위 적 4명에게 화살
스킬,rain,궁수,,3,,,,,,화살비,target 9칸,dmg,90,,270,,,,,,,,,,,,,,,,,,,,,,,,대상 중심 3×3
스킬,healarrow,궁수,,1,,,,,,치유 화살,lowestAlly,heal,60,,130,,,,,,,,,,,,,,,,,,,,,,,,가장 다친 아군에게 치유 화살(130 회복)
스킬,bless,궁수,,2,,,,,,축복의 화살,ally,buff,70,,0,,,,,,,,,,,,,,,,,,,,,,,,"공격력이 가장 높은 아군 6초간 주는 피해 +30%, 공격 속도 +20%"
스킬,lightrain,궁수,,3,,,,,,빛의 화살비,target 9칸,lightrain,100,,170,,,,,,,,,,,,,,,,,,,,,,,,"대상 중심 3×3 피해, 그 안의 아군은 회복"
스킬,huntmark,궁수,,1,,,,,,사냥 표식,single,dmg,50,,20,,,,,,,,,,,,,,,,,,,,,,0.25,5,대상 5초 취약(받는 피해 +25%)
스킬,poisonarrow,궁수,,1,,,,,,독화살,single,dmg,55,,55,,,,,,,,,,,,,,,,,,40,6,,,,,대상에게 피해 + 6초 중독(초당 40)
스킬,spread,궁수,,1,,,,,,산탄 사격,targetFacing 3칸,dmg,60,,150,,,,,,,,,,,,,,,,,,,,,,,,대상과 그 양옆 1칸
스킬,snipe,궁수,,2,,,,,,저격,lowest,dmg,70,,270,,,,,,,,,,,,,,,,,,,,,,,,체력 비율이 가장 낮은 적 하나
스킬,judgment,궁수,,3,,,,,,심판의 화살,line,dmg,90,,560,,,,,,,,,,,,,,,,,,,,,,0.3,5,끝까지 꿰뚫고 맞은 적 5초 취약(받는 피해 +30%)
스킬,snare,궁수,,2,,,,,,속박 화살,targetFacing 3칸,dmg,70,,120,,3,,,,,,,,,,,,,,,,,,,,,,대상과 양옆 1칸 피해 + 3초 둔화
스킬,horn,궁수,,3,,,,,,지휘 나팔,all,haste,90,,,,,,5,,1.3,,,,,,,,,,,,,,,,,,모든 아군 5초간 공격 속도 +30%
스킬,fire,마법사,,1,,,,,,화염 폭발,target 5칸,dmg,70,,85,,,,,,,,,,,,,,,,35,4,,,,,,,대상 중심 십자 5칸 + 4초 화상
스킬,chain,마법사,,2,,,,,,연쇄 번개,chain,dmg,80,,205,,,,,,,,,,,,,,,,,,,,,,,,대상에서 가까운 적으로 4번 튄다
스킬,meteor,마법사,,3,,,,,,메테오,target 9칸,tele,100,,320,,,,,,,,,,,,1.2,,,,40,3,,,,,,,1.2초 뒤 대상 중심 3×3에 운석 + 화상
스킬,light,마법사,,1,,,,,,치유의 빛,self 9칸,heal,60,,240,,,,,,,,,,,,,,,,,,,,,,,,자신 중심 3×3 아군 회복
스킬,purify,마법사,,2,,,,,,정화,lowestAlly,heal,60,,110,,,,,,,,,,,,,,,,,,,,,,,,체력이 가장 낮은 아군 110 회복 + 해로운 효과 제거
스킬,manaflow,마법사,,1,,,,,,마나 순환,self 9칸,mana,55,,45,,,,,,,,,,,,,,,,,,,,,,,,주변 1칸 다른 아군 마나 +45
스킬,ice,마법사,,1,,,,,,얼음 창,line,dmg,60,,330,,2,,,,,,,,,,,,,,,,,,,,,,끝까지 관통 + 2초 둔화
스킬,drainlife,마법사,,2,,,,,,생명 흡수,single,dmg,60,,220,,,,,,,,0.6,,,,,,,,,,,,,,,,"대상에게 피해, 준 피해의 60% 회복"
스킬,barrier,마법사,,2,,,,,,마나 방벽,self 5칸,shield,60,,170,,,,,,,,,,,,,,,,,,,,,,,,자신과 상하좌우 아군 보호막 170
스킬,blizzard,마법사,,3,,,,,,눈보라,target 9칸,dmg,100,,170,,4,4,,,,,,,,,,,,,,,,,,,,,대상 중심 3×3 피해 + 4초 둔화 + 약화
스킬,aegis,마법사,,3,,,,,,신의 가호,all,shield,110,,135,,,,,,,135,,,,,,,,,,,,,,,,,모든 아군 보호막 135 + 회복 135
스킬,frostnova,마법사,,2,,,,,,서리 폭발,self 8칸,dmg,80,,500,1.2,,,,,,,,,,,,,,,,,,,,,,,주변 8칸 피해 + 1.2초 빙결
스킬,timewarp,마법사,,3,,,,,,시간 왜곡,all,timewarp,110,,,,,,5,,1.25,,,,,,,,,,,,,,,,,,"모든 아군 5초간 공격 속도 +25%, 모든 적 3초 둔화"
스킬,aid,공용,,1,,,,,,응급 처치,selfOnly,heal,60,,220,,,,,,,,,,,,,,,,,,,,,,,,자신 체력 회복
스킬,warcry,공용,,1,,,,,,전투 함성,self 24칸,haste,60,,0,,,,6,,1.3,,,,,,,,,,,,,,,,,,주변 2칸 아군 6초간 공격 속도 +30%
스킬,adrenaline,공용,,2,,,,,,아드레날린,selfOnly,haste,50,,0,,,,5,,1.8,,,,,,,,,,,,,,,,,,자신 5초간 공격 속도 +80%(다시 쓰면 시간만 새로)
스킬,heavy,공용,,1,,,,,,혼신의 일격,single,heavy,40,,1.8,,,,,,,,,,,,,,,,,,,,,,,,대상에게 공격력 ×1.8 피해
스킬,secondwind,공용,,2,,,,,,재정비,selfOnly,shield,70,,200,,,,,,,,,,,,,,,,,,,,,,,,자신 보호막 200 + 해로운 효과 제거
스킬,shatter,전사,,4,,,,,,파쇄 일격,facing 9칸,dmg,100,,360,1,,,,,,,,,,,,,,,,,,,,,,,앞쪽 3×3을 내려찍고 1초 기절
스킬,execution,전사,,4,,,,,,처형,lowest,dmg,90,,520,,,,,,,,,,,,,2,,,,,,,,,,,체력 비율이 가장 낮은 적. 체력 절반 이하면 피해 ×2
스킬,resolve,공용,,4,,,,,,결의,selfOnly,fortify,90,,340,,,,4,0.35,,,,,,,,,,,,,,,,,,,"4초간 받는 피해 −35%, 체력 340 회복"
스킬,arrowstorm,궁수,,4,,,,,,폭풍 화살,volley,dmg,100,,140,,,,,,,,,6,,,,,,,,,,,,,,,무작위 적에게 화살 6발
스킬,railshot,궁수,,4,,,,,,꿰뚫는 저격,line,dmg,100,,760,0.8,,,,,,,,,,,,,,,,,,,,,,,끝까지 꿰뚫고 맞은 적 0.8초 기절
스킬,firestorm,마법사,,4,,,,,,화염 폭풍,target 25칸,dmg,120,,200,,,,,,,,,,,,,,,,40,4,,,,,,,대상 중심 5×5 피해 + 4초 화상(초당 40)
스킬,thunder,마법사,,4,,,,,,뇌우,chain,dmg,110,,340,0.5,,,,,,,,,7,,,,,,,,,,,,,,대상에서 가까운 적으로 7번 튀고 0.5초 기절
스킬,quakeking,전사,,5,,,,,,대지 붕괴,self 24칸,dmg,130,,400,1.2,,,,,,,,,,,,,,,,,,,,,,,주변 2칸 안 모든 적 피해 + 1.2초 기절
스킬,skyarrows,궁수,,5,,,,,,천 개의 화살,volley,dmg,130,,140,,,,,,,,,10,,,,,,,,,,,,,,,무작위 적에게 화살 10발
스킬,cataclysm,마법사,,5,,,,,,종말의 불꽃,target 25칸,tele,140,,340,,,,,,,,,,,,1,,,,70,4,,,,,,,1초 뒤 대상 중심 5×5에 불벼락 + 4초 화상(초당 70)
